Account Number;Account Name;Counterparty account;Entry number;Booking date;Value date;Amount;Currency;Description;Entry Details;Message
BE00000000000001;EXAMPLE BV;;172;01/07/2026;30/06/2026;-2,25;EUR;Breakdown of charges No. 331795846 Proof attached;            Breakdown of charges No. 331795846 on 30/06/2026             ING MasterCard Business 4444-55XX-XXXX-6666   Period from 01/06/2026 to 30/06/2026   Monthly fee ING credit card                          - 2,2500 EUR (0) -------------------------------------------------- Not liable to VAT:        - 2,2500 (0)  Total  debited against account BE00 0000 0000 0001:          - 2,25 EUR  To be sent, if necessary, with your tax return.;
BE00000000000001;EXAMPLE BV;;173;01/07/2026;30/06/2026;-18,00;EUR;Breakdown of charges No. 333789429 Proof attached;This document is provided for information. The only legally valid invoice/credit note is the one sent electronically by ING Belgium in accordance with the law of 06.02.2024 amending the VAT Code and the Income Tax Code 1992 as regards the introduction of electronic invoicing obligation.             INVOICE No. 2026/01/005430555 on 30/06/2026 ING Belgium SA/NV - Avenue Marnix 24, B-1000 Brussels VAT BE 0403.200.393 - BIC (SWIFT): BBRUBEBB - IBAN: BE99 5338 7535 1995  EXAMPLE BV TESTSTRAAT 1, B-1000 BRUSSEL VAT BE 0000.000.000              Breakdown of charges No. 333789429 on 30/06/2026       ING Corporate Plus Account BE00 0000 0000 0001 EUR   Current account BE00 0000 0000 0001 EUR  Period from 01/06/2026 to 30/06/2026   Maintaining the account                              - 6,5000 EUR (7)   Services included in the package:    Unlimited number of account holders    Designation of two account management     agents    Cash withdrawals in euro by ING debit card     at ING Belgium cash dispenser    Account statements via Business'Bank    Providing of 1 ING debit card with access to     any ATM and to Bancontact and Mastercard     networks    Access to ING networks and digital channels, to     ING Client Services and to some non-ING     branded networks    An unlimited number of electronic transactions     in euro (SEPA)    Up to 12 manual debit transactions per year         - 6,0000 EUR (1)  ING debit card 1111-22XX-XXXX-3333  Period from 01/06/2026 to 30/06/2026   Monthly fee   ING debit card                                       + 0,0000 EUR (1)  Business'Bank 00000001 11  Period from 01/06/2026 to 30/06/2026   ING Accounting Connector                             - 3,5000 EUR (1) -------------------------------------------------- VAT 21 % on:              - 9,5000 (1)                 - 2,00 EUR Not liable to VAT:        - 6,5000  (7) Exempted of VAT: art.44 par.3 7°, BE VAT C.  Total  debited against account BE00 0000 0000 0001:         - 18,00 EUR;
BE00000000000001;EXAMPLE BV;;174;01/07/2026;30/06/2026;-90,00;EUR;Payment Debit Mastercard 30/06/26 - 7.27 pm - MAVUE 2800 - MECHELEN - BEL Card number 1111 22XX XXXX 3333 Reference ING: COP000348808744;;
BE00000000000001;EXAMPLE BV;BE99781185033188;175;03/07/2026;03/07/2026;-604,87;EUR;Sending money in euro (SEPA): ING app To: LRS Insurance nv - BE99781185033188 Message: ***026/0065/52889*** Personal info: 10471d47d25545c99e0297d7d5f267fc;;
BE00000000000001;EXAMPLE BV;BE99659235886451;176;03/07/2026;03/07/2026;-70,06;EUR;Direct debit in euro (SEPA) Xerius OVV Advice here with;                       Direct debit in euro (SEPA)  Today, we debit your account for: Xerius OVV Identication:     BE50 ZZZ 725D000554 Account: BE99659235886451 BIC: KREDBEBB Mandate: UL0000000001 Scheme: SEPA SDD Core Type: Recurrent collection Reference: 5CE100270F Remittance: Premie d.d. 01.07.2026 Xerius Relax              - Gewaarborgd Inkomen - constante             rente ( 0000001-00 );
BE00000000000001;EXAMPLE BV;;177;04/07/2026;03/07/2026;-299,19;EUR;Reimbursement Car loan Opel monthly instalment of 3 July 2026 Contract No 00-000001-00, final due date 03/03/2028;;
BE00000000000001;EXAMPLE BV;BE99739118802273;178;06/07/2026;06/07/2026;-60,25;EUR;Direct debit in euro (SEPA) Radius Business Solutions (Belgium) NV Advice here with;                       Direct debit in euro (SEPA)  Today, we debit your account for: Radius Business Solutions (Belgium) NV Identication:     BE80 ZZZ 0865944140 Account: BE99739118802273 BIC: BBRUBEBB Mandate: RF131544 Scheme: SEPA SDD Core Type: Recurrent collection Reference: SDCOR2607301BE017293 Remittance: BE261701552647;
BE00000000000001;EXAMPLE BV;;179;10/07/2026;08/07/2026;-24,14;EUR;Payment Debit Mastercard 08/07/26 - 4.03 pm - IKONS BE 2000 - ANTWERPEN - BEL Card number 1111 22XX XXXX 3333 Reference ING: COP000354588835;;
BE00000000000001;EXAMPLE BV;BE99739118802273;180;13/07/2026;13/07/2026;-1,21;EUR;Direct debit in euro (SEPA) Radius Business Solutions (Belgium) NV Advice here with;                       Direct debit in euro (SEPA)  Today, we debit your account for: Radius Business Solutions (Belgium) NV Identication:     BE80 ZZZ 0865944140 Account: BE99739118802273 BIC: BBRUBEBB Mandate: RF131544 Scheme: SEPA SDD Core Type: Recurrent collection Reference: SDCOR2607301BE073732 Remittance: BE261701627546;
BE00000000000001;EXAMPLE BV;;181;13/07/2026;12/07/2026;-22,50;EUR;Payment Debit Mastercard 12/07/26 - 2.07 am - GIGHUNT.IO 8911DN - LEEUWARDEN - NLD Card number 1111 22XX XXXX 3333 Reference ING: COP000357155204;;
BE00000000000001;EXAMPLE BV;BE99236152764796;182;13/07/2026;13/07/2026;10088,38;EUR;Instant credit transfer in euro From: GEOPOSTCODES SRL - BE99236152764796 Instantly on 13/07 - 07:40:20 Message: ***288/0000/30375***;Instant credit transfer in euro Instantly on 13/07 - 07:40:20 From: GEOPOSTCODES SRL       RUE GENERAL LOTZ 57             UCCLE 1180               Belgium IBAN: BE99236152764796 Message: ***288/0000/30375***;
BE00000000000001;EXAMPLE BV;BE99681020158566;183;13/07/2026;13/07/2026;-64,00;EUR;Sending money in euro (SEPA): ING app To: STADSBESTUUR VAN MECHELEN - BE99681020158566 Message: ***334/6020/39964*** Personal info: 95e59235b7b3425d8ce789bc1f35bb94;;
BE00000000000001;EXAMPLE BV;;184;16/07/2026;16/07/2026;-565,91;EUR;Payment ING : MASTERCARD  188 00000001-01/000 R.000000000001;;
BE00000000000001;EXAMPLE BV;;185;16/07/2026;15/07/2026;-25,00;EUR;Payment Debit Mastercard 15/07/26 - 1.21 pm - G.A Carwash 2800 - Mechelen - BEL Card number 1111 22XX XXXX 3333 Reference ING: COP000359631724;;
BE00000000000001;EXAMPLE BV;;186;17/07/2026;16/07/2026;-109,76;EUR;Payment Bancontact 16/07/26 - 8.39 pm - TELENET 2800 - MECHELEN - BEL Card number 1111 22XX XXXX 3333;;
BE00000000000001;EXAMPLE BV;BE99387400821884;187;17/07/2026;17/07/2026;-53,00;EUR;Sending money in euro (SEPA): ING app To: Gemeente Bonheiden - BE99387400821884 Message: ***045/6000/05548*** Personal info: 41c3fbe1054b4a7f89105cfdde233abf;;
BE00000000000001;EXAMPLE BV;;188;18/07/2026;17/07/2026;-15,00;EUR;Payment Debit Mastercard 17/07/26 - 9.12 am - WISPR 94107 - SAN FRANCISCO - USA Card number 1111 22XX XXXX 3333 Reference ING: COP000360478015;;
BE00000000000001;EXAMPLE BV;;189;19/07/2026;18/07/2026;-0,61;EUR;Breakdown of charges No. 334999983 Proof attached;This document is provided for information. The only legally valid invoice/credit note is the one sent electronically by ING Belgium in accordance with the law of 06.02.2024 amending the VAT Code and the Income Tax Code 1992 as regards the introduction of electronic invoicing obligation.             INVOICE No. 2026/01/005551240 on 18/07/2026 ING Belgium SA/NV - Avenue Marnix 24, B-1000 Brussels VAT BE 0403.200.393 - BIC (SWIFT): BBRUBEBB - IBAN: BE99 5338 7535 1995  EXAMPLE BV TESTSTRAAT 1, B-1000 BRUSSEL VAT BE 0000.000.000              Breakdown of charges No. 334999983 on 18/07/2026       ING Corporate Plus Account BE00 0000 0000 0001 EUR   ING debit card 1111-22XX-XXXX-3333   Payment debit card - COP00360478015 - 17-07-2026 09:12:07   WISPR                             US    Processing fee                                      - 0,5000 EUR (1)      Transaction amount: 15,00 EUR -------------------------------------------------- VAT 21 % on:              - 0,5000 (1)                 - 0,11 EUR  Total  debited against account BE00 0000 0000 0001:          - 0,61 EUR;
BE00000000000001;EXAMPLE BV;BE99739118802273;190;20/07/2026;20/07/2026;-3,63;EUR;Direct debit in euro (SEPA) Radius Business Solutions (Belgium) NV Advice here with;                       Direct debit in euro (SEPA)  Today, we debit your account for: Radius Business Solutions (Belgium) NV Identication:     BE80 ZZZ 0865944140 Account: BE99739118802273 BIC: BBRUBEBB Mandate: RF131544 Scheme: SEPA SDD Core Type: Recurrent collection Reference: SDCOR2607301BE135072 Remittance: BE261701691186;
BE00000000000001;EXAMPLE BV;BE99410541853851;191;20/07/2026;20/07/2026;2178,00;EUR;Sending money in euro (SEPA) From: OSTYN FACILITIES - BE99410541853851 Message: ***288/0000/33712*** Personal info: 260714GEBABEBB0019600004000005;Sending money in euro (SEPA) From: OSTYN FACILITIES       Av. du Bois Jacquet 1       DOTTIGNIES 7711               Belgium IBAN: BE99410541853851 Message: ***288/0000/33712*** Personal info: 260714GEBABEBB0019600004000005;
BE00000000000001;EXAMPLE BV;BE99779438719254;192;21/07/2026;21/07/2026;-2145,43;EUR;Sending money in euro (SEPA): Business'Bank On-line To: BTW Ontvangsten Brussel - BE99779438719254 Message: ***078/7646/33429*** Personal info: c2c774ef21cf45a5a576db3ab23d0b1d;;
BE00000000000001;EXAMPLE BV;BE99744593550030;193;23/07/2026;23/07/2026;-60,50;EUR;Sending money in euro (SEPA): ING app To: Impact Connecting BV - BE99744593550030 Message: ***000/0260/37729*** Personal info: cc6c5f96a023410884e15caed4462a8c;;
BE00000000000001;EXAMPLE BV;BE99337966465553;194;23/07/2026;23/07/2026;-907,50;EUR;Sending money in euro (SEPA): ING app To: VT Accountants - BE99337966465553 Message: ***021/0408/57757*** Personal info: 5b4ed18c169a484f9c6f71efff7cc2a8;;
BE00000000000001;EXAMPLE BV;;195;23/07/2026;23/07/2026;-29,00;EUR;Payment Bancontact 23/07/26 - 5.42 pm - Mobile Vikings 3500 - Hasselt - BEL 77BH534 1694604307696 payment Card number 1111 22XX XXXX 3333;;
BE00000000000001;EXAMPLE BV;BE99464545657094;196;26/07/2026;26/07/2026;-1669,80;EUR;Sending money in euro (SEPA): Business'Bank On-line To: Professional Education SRL - BE99464545657094 Communication: 202773 - Example BV Personal info: 7ba46801139c4b2fbea6d27f1be2e7db;;
BE00000000000001;EXAMPLE BV;;197;27/07/2026;26/07/2026;-569,00;EUR;Payment Bancontact 26/07/26 - 8.41 pm - Coolblue 2600 - BERCHEM - NLD Card number 1111 22XX XXXX 3333;;
BE00000000000001;EXAMPLE BV;BE99739118802273;198;27/07/2026;27/07/2026;-71,08;EUR;Direct debit in euro (SEPA) Radius Business Solutions (Belgium) NV Advice here with;                       Direct debit in euro (SEPA)  Today, we debit your account for: Radius Business Solutions (Belgium) NV Identication:     BE80 ZZZ 0865944140 Account: BE99739118802273 BIC: BBRUBEBB Mandate: RF131544 Scheme: SEPA SDD Core Type: Recurrent collection Reference: SDCOR2607301BE198251 Remittance: BE261701754974;
BE00000000000001;EXAMPLE BV;;199;27/07/2026;27/07/2026;-2500,00;EUR;Sending money in euro (SEPA): file Client reference: 1289174/2026-07-24 140001 Bank reference: 3992461961627 Category Purpose: Salary payment;;
BE00000000000001;EXAMPLE BV;BE99390697671885;200;27/07/2026;27/07/2026;-1299,27;EUR;Sending money in euro (SEPA) To: SD Worx Sociaal Secretariaat VZW - BE99390697671885 Communication: 1BT2982 88753963 FACTUUR SD VZW Personal info: 1BT2982 88753963 3002607270 S0;Sending money in euro (SEPA) In favour of: SD Worx Sociaal Secretariaat VZW Antwerpen 2000  Belgium IBAN: BE99390697671885 Message:  1BT2982 88753963 FACTUUR SD VZW Personal info: 1BT2982 88753963 3002607270 S0;
BE00000000000001;EXAMPLE BV;;201;28/07/2026;26/07/2026;-38,75;EUR;Payment Debit Mastercard 26/07/26 - 4.26 pm - SUPABASE 049513 - SINGAPORE - SGP 44,03 USD at 1,136258 Card number 1111 22XX XXXX 3333 Reference ING: COP000366570896;;
BE00000000000001;EXAMPLE BV;;202;28/07/2026;27/07/2026;0,00;EUR;Breakdown of charges No. 335286992 Proof attached;            Breakdown of charges No. 335286992 on 27/07/2026       ING Corporate Plus Account BE00 0000 0000 0001 EUR  Current account BE00 0000 0000 0001 EUR   Sending money in euro (SEPA)    Salary payment batch (SALA)                         + 0,0000 EUR (1)      Reference: 1289174-2026-07-24 140001      Number of charged transfers: 1 --------------------------------------------------  Total  debited against account BE00 0000 0000 0001:          + 0,00 EUR  To be sent, if necessary, with your tax return.;
BE00000000000001;EXAMPLE BV;BE99929655266590;203;28/07/2026;28/07/2026;-230,00;EUR;Instant credit transfer in euro: ING app To: Jane Peeters + John Peeters - BE99929655266590 Instantly on 28/07 - 12:45:49 Communication: Office Rent August Personal info: 3865613fe48f44ec8c546955f3982bf5;;
BE00000000000001;EXAMPLE BV;;204;30/07/2026;29/07/2026;-2,11;EUR;Breakdown of charges No. 335377929 Proof attached;This document is provided for information. The only legally valid invoice/credit note is the one sent electronically by ING Belgium in accordance with the law of 06.02.2024 amending the VAT Code and the Income Tax Code 1992 as regards the introduction of electronic invoicing obligation.             INVOICE No. 2026/01/005571830 on 29/07/2026 ING Belgium SA/NV - Avenue Marnix 24, B-1000 Brussels VAT BE 0403.200.393 - BIC (SWIFT): BBRUBEBB - IBAN: BE99 5338 7535 1995  EXAMPLE BV TESTSTRAAT 1, B-1000 BRUSSEL VAT BE 0000.000.000              Breakdown of charges No. 335377929 on 29/07/2026       ING Corporate Plus Account BE00 0000 0000 0001 EUR   ING debit card 1111-22XX-XXXX-3333   Payment debit card - COP00366570896 - 26-07-2026 16:26:52   SUPABASE                          SG    Processing fee                                      - 0,5000 EUR (1)      Transaction amount: 44,03 USD        38,7500 EUR x 1,136258    Exchange margin                                     - 1,2400 EUR (1) -------------------------------------------------- VAT 21 % on:              - 1,7400 (1)                 - 0,37 EUR  Total  debited against account BE00 0000 0000 0001:          - 2,11 EUR;
BE00000000000001;EXAMPLE BV;;205;01/08/2026;31/07/2026;-2,25;EUR;Breakdown of charges No. 335901414 Proof attached;            Breakdown of charges No. 335901414 on 31/07/2026             ING MasterCard Business 4444-55XX-XXXX-6666   Period from 01/07/2026 to 31/07/2026   Monthly fee ING credit card                          - 2,2500 EUR (0) -------------------------------------------------- Not liable to VAT:        - 2,2500 (0)  Total  debited against account BE00 0000 0000 0001:          - 2,25 EUR  To be sent, if necessary, with your tax return.;
BE00000000000001;EXAMPLE BV;;206;01/08/2026;31/07/2026;-18,00;EUR;Breakdown of charges No. 337887270 Proof attached;This document is provided for information. The only legally valid invoice/credit note is the one sent electronically by ING Belgium in accordance with the law of 06.02.2024 amending the VAT Code and the Income Tax Code 1992 as regards the introduction of electronic invoicing obligation.             INVOICE No. 2026/01/005772008 on 31/07/2026 ING Belgium SA/NV - Avenue Marnix 24, B-1000 Brussels VAT BE 0403.200.393 - BIC (SWIFT): BBRUBEBB - IBAN: BE99 5338 7535 1995  EXAMPLE BV TESTSTRAAT 1, B-1000 BRUSSEL VAT BE 0000.000.000              Breakdown of charges No. 337887270 on 31/07/2026       ING Corporate Plus Account BE00 0000 0000 0001 EUR   Current account BE00 0000 0000 0001 EUR  Period from 01/07/2026 to 31/07/2026   Maintaining the account                              - 6,5000 EUR (7)   Services included in the package:    Unlimited number of account holders    Designation of two account management     agents    Cash withdrawals in euro by ING debit card     at ING Belgium cash dispenser    Account statements via Business'Bank    Providing of 1 ING debit card with access to     any ATM and to Bancontact and Mastercard     networks    Access to ING networks and digital channels, to     ING Client Services and to some non-ING     branded networks    An unlimited number of electronic transactions     in euro (SEPA)    Up to 12 manual debit transactions per year         - 6,0000 EUR (1)  ING debit card 1111-22XX-XXXX-3333  Period from 01/07/2026 to 31/07/2026   Monthly fee   ING debit card                                       + 0,0000 EUR (1)  Business'Bank 00000001 11  Period from 01/07/2026 to 31/07/2026   ING Accounting Connector                             - 3,5000 EUR (1) -------------------------------------------------- VAT 21 % on:              - 9,5000 (1)                 - 2,00 EUR Not liable to VAT:        - 6,5000  (7) Exempted of VAT: art.44 par.3 7°, BE VAT C.  Total  debited against account BE00 0000 0000 0001:         - 18,00 EUR;
BE00000000000001;EXAMPLE BV;BE99739118802273;207;03/08/2026;03/08/2026;-48,00;EUR;Direct debit in euro (SEPA) Radius Business Solutions (Belgium) NV Advice here with;                       Direct debit in euro (SEPA)  Today, we debit your account for: Radius Business Solutions (Belgium) NV Identication:     BE80 ZZZ 0865944140 Account: BE99739118802273 BIC: BBRUBEBB Mandate: RF131544 Scheme: SEPA SDD Core Type: Recurrent collection Reference: SDCOR2608301BE014896 Remittance: BE261701802979;
BE00000000000001;EXAMPLE BV;BE99659235886451;208;03/08/2026;03/08/2026;-70,06;EUR;Direct debit in euro (SEPA) Xerius OVV Advice here with;                       Direct debit in euro (SEPA)  Today, we debit your account for: Xerius OVV Identication:     BE50 ZZZ 725D000554 Account: BE99659235886451 BIC: KREDBEBB Mandate: UL0000000001 Scheme: SEPA SDD Core Type: Recurrent collection Reference: 5D010000AA Remittance: Premie d.d. 01.08.2026 Xerius Relax              - Gewaarborgd Inkomen - constante             rente ( 0000001-00 );
BE00000000000001;EXAMPLE BV;BE99204070195265;209;03/08/2026;03/08/2026;5505,50;EUR;Sending money in euro (SEPA) From: WHALE BV - BE99204070195265 Message: ***383/0000/30825***;Sending money in euro (SEPA) From: WHALE BV       Bredestraat 22       RONSE 9600               Belgium IBAN: BE99204070195265 Message: ***383/0000/30825***;
BE00000000000001;EXAMPLE BV;;210;04/08/2026;03/08/2026;-299,19;EUR;Reimbursement Car loan Opel monthly instalment of 3 August 2026 Contract No 00-000001-00, final due date 03/03/2028;;
BE00000000000001;EXAMPLE BV;BE99426443415287;211;07/08/2026;07/08/2026;-2000,00;EUR;Sending money in euro (SEPA): ING app To: DMC Brussels - BE99426443415287 Communication: JOHN PEETERS ID4 Personal info: 430ea0d40c8f401dad1e68feb0037bbb;;
BE00000000000001;EXAMPLE BV;BE99739118802273;212;10/08/2026;10/08/2026;-70,39;EUR;Direct debit in euro (SEPA) Radius Business Solutions (Belgium) NV Advice here with;                       Direct debit in euro (SEPA)  Today, we debit your account for: Radius Business Solutions (Belgium) NV Identication:     BE80 ZZZ 0865944140 Account: BE99739118802273 BIC: BBRUBEBB Mandate: RF131544 Scheme: SEPA SDD Core Type: Recurrent collection Reference: SDCOR2608301BE066513 Remittance: BE261701873319;
BE00000000000001;EXAMPLE BV;;213;10/08/2026;10/08/2026;-22,80;EUR;Payment Bancontact 10/08/26 - 7.06 am - NMBS SNCB WEB/APP BRUS 1060 - BRUSSEL - BEL Card number 1111 22XX XXXX 3333;;
BE00000000000001;EXAMPLE BV;BE99111236577259;214;10/08/2026;10/08/2026;-5596,34;EUR;Sending money in euro (SEPA): Business'Bank On-line To: ING Belgique S.A. - BE99111236577259 Communication: BLCS/ILM/AFR/UO89WS/CSI-17260941-15 EXAMPLE BV Personal info: c994deac9f7d4ba1a6a9ee0644aa5b4b;;
BE00000000000001;EXAMPLE BV;;215;11/08/2026;10/08/2026;33990,00;EUR;Loan credit Car loan loan payment of 10 August 2026 Contract No 00-000002-00, final due date 10/08/2031;;
BE00000000000001;EXAMPLE BV;;216;11/08/2026;10/08/2026;-75,00;EUR;Loan payment Car loan frais de dossier 10 August 2026 Contract No 00-000002-00, final due date 10/08/2031;;
BE00000000000001;EXAMPLE BV;;217;11/08/2026;10/08/2026;-129,00;EUR;Payment Debit Mastercard 10/08/26 - 9.02 pm - Hotel Mechelen 2800 - Mechelen - BEL Card number 1111 22XX XXXX 3333 Reference ING: COP000377325925;;
BE00000000000001;EXAMPLE BV;;218;11/08/2026;10/08/2026;-60,79;EUR;Payment Debit Mastercard 10/08/26 - 11.04 am - DELIVEROO 1210 - BRUSSELS - BEL Card number 1111 22XX XXXX 3333 Reference ING: COP000377348554;;
BE00000000000001;EXAMPLE BV;;219;11/08/2026;10/07/2026;1,52;EUR;Payment PAYMENT;Remaining balance after early repayment Business Loan 00-000001-00 dated 08/10/2026;
BE00000000000001;EXAMPLE BV;;220;13/08/2026;12/08/2026;-6,20;EUR;Payment Debit Mastercard 12/08/26 - 11.59 am - CCV*KRISTALLIJN 9000 - Gent - BEL Card number 1111 22XX XXXX 3333 Reference ING: COP000378997838;;
BE00000000000001;EXAMPLE BV;;221;15/08/2026;14/08/2026;-25,00;EUR;Payment Debit Mastercard 14/08/26 - 11.50 am - G.A Carwash 2800 - Mechelen - BEL Card number 1111 22XX XXXX 3333 Reference ING: COP000380199844;;
BE00000000000001;EXAMPLE BV;BE99739118802273;222;17/08/2026;17/08/2026;-73,57;EUR;Direct debit in euro (SEPA) Radius Business Solutions (Belgium) NV Advice here with;                       Direct debit in euro (SEPA)  Today, we debit your account for: Radius Business Solutions (Belgium) NV Identication:     BE80 ZZZ 0865944140 Account: BE99739118802273 BIC: BBRUBEBB Mandate: RF131544 Scheme: SEPA SDD Core Type: Recurrent collection Reference: SDCOR2608301BE125928 Remittance: BE261701946907;
BE00000000000001;EXAMPLE BV;;223;17/08/2026;17/08/2026;-349,64;EUR;Payment ING : MASTERCARD  219 00000001-01/000 R.000000000001;;
BE00000000000001;EXAMPLE BV;;224;18/08/2026;17/08/2026;-125,40;EUR;Payment Bancontact 17/08/26 - 7.32 pm - TELENET 2800 - MECHELEN - BEL Card number 1111 22XX XXXX 3333;;
BE00000000000001;EXAMPLE BV;BE99114564517965;225;18/08/2026;18/08/2026;-2260,97;EUR;Sending money in euro (SEPA): Business'Bank On-line To: XERIUS SOCIAAL VERZEKERINGSFONDS VZW - BE99114564517965 Message: ***526/4200/39213*** Personal info: 4d5a4209529147c3ae233081814b8811;;
BE00000000000001;EXAMPLE BV;;226;18/08/2026;17/08/2026;-15,00;EUR;Payment Debit Mastercard 17/08/26 - 10.13 am - WISPR 94107 - SAN FRANCISCO - USA Card number 1111 22XX XXXX 3333 Reference ING: COP000381916370;;
BE00000000000001;EXAMPLE BV;BE99426443415287;227;18/08/2026;18/08/2026;-32289,00;EUR;Sending money in euro (SEPA): Business'Bank On-line To: DMC Brussels - BE99426443415287 Communication: PEETERS JOHN VW ID4 Personal info: 9f0d9a54a9d848a99e3c6d1ae17173c7;;
BE00000000000001;EXAMPLE BV;;228;19/08/2026;18/08/2026;-0,61;EUR;Breakdown of charges No. 339253462 Proof attached;This document is provided for information. The only legally valid invoice/credit note is the one sent electronically by ING Belgium in accordance with the law of 06.02.2024 amending the VAT Code and the Income Tax Code 1992 as regards the introduction of electronic invoicing obligation.             INVOICE No. 2026/01/006026519 on 18/08/2026 ING Belgium SA/NV - Avenue Marnix 24, B-1000 Brussels VAT BE 0403.200.393 - BIC (SWIFT): BBRUBEBB - IBAN: BE99 5338 7535 1995  EXAMPLE BV TESTSTRAAT 1, B-1000 BRUSSEL VAT BE 0000.000.000              Breakdown of charges No. 339253462 on 18/08/2026       ING Corporate Plus Account BE00 0000 0000 0001 EUR   ING debit card 1111-22XX-XXXX-3333   Payment debit card - COP00381916370 - 17-08-2026 10:13:06   WISPR                             US    Processing fee                                      - 0,5000 EUR (1)      Transaction amount: 15,00 EUR -------------------------------------------------- VAT 21 % on:              - 0,5000 (1)                 - 0,11 EUR  Total  debited against account BE00 0000 0000 0001:          - 0,61 EUR;
BE00000000000001;EXAMPLE BV;BE99171684461287;229;20/08/2026;20/08/2026;2178,00;EUR;Sending money in euro (SEPA) From: OSTYN FACILITIES SA - BE99171684461287 Message: ***400/0000/86026*** Personal info: 260818KREDBEBB0020300001000015;Sending money in euro (SEPA) From: OSTYN FACILITIES SA       AV. DU BOIS JACQUET 1       DOTTIGNIES 7711               Belgium IBAN: BE99171684461287 Message: ***400/0000/86026*** Personal info: 260818KREDBEBB0020300001000015;
BE00000000000001;EXAMPLE BV;;230;21/08/2026;21/08/2026;-30,00;EUR;Payment Bancontact 21/08/26 - 9.58 am - BPOST 1000 - BRUXELLES - BEL 713c30ec-b277-43b6-9138-be6b19 Card number 1111 22XX XXXX 3333;;
BE00000000000001;EXAMPLE BV;;231;22/08/2026;21/08/2026;-28,95;EUR;Payment Debit Mastercard 21/08/26 - 12.14 pm - Mister Minit 321127 1800 - Vilvoorde - BEL Card number 1111 22XX XXXX 3333 Reference ING: COP000384835236;;
BE00000000000001;EXAMPLE BV;BE99739118802273;232;24/08/2026;24/08/2026;-76,52;EUR;Direct debit in euro (SEPA) Radius Business Solutions (Belgium) NV Advice here with;                       Direct debit in euro (SEPA)  Today, we debit your account for: Radius Business Solutions (Belgium) NV Identication:     BE80 ZZZ 0865944140 Account: BE99739118802273 BIC: BBRUBEBB Mandate: RF131544 Scheme: SEPA SDD Core Type: Recurrent collection Reference: SDCOR2608301BE188821 Remittance: BE261701998009;
BE00000000000001;EXAMPLE BV;;233;25/08/2026;25/08/2026;-2500,00;EUR;Sending money in euro (SEPA): file Client reference: 1310114/2026-08-24 140009 Bank reference: 3992461126090 Category Purpose: Salary payment;;
BE00000000000001;EXAMPLE BV;BE99390697671885;234;25/08/2026;25/08/2026;-1299,27;EUR;Sending money in euro (SEPA) To: SD Worx Sociaal Secretariaat VZW - BE99390697671885 Communication: 1BT2982 90691723 FACTUUR SD VZW Personal info: 1BT2982 90691723 3002608250 S0;Sending money in euro (SEPA) In favour of: SD Worx Sociaal Secretariaat VZW Antwerpen 2000  Belgium IBAN: BE99390697671885 Message:  1BT2982 90691723 FACTUUR SD VZW Personal info: 1BT2982 90691723 3002608250 S0;
BE00000000000001;EXAMPLE BV;;235;26/08/2026;25/08/2026;0,00;EUR;Breakdown of charges No. 339503223 Proof attached;            Breakdown of charges No. 339503223 on 25/08/2026       ING Corporate Plus Account BE00 0000 0000 0001 EUR  Current account BE00 0000 0000 0001 EUR   Sending money in euro (SEPA)    Salary payment batch (SALA)                         + 0,0000 EUR (1)      Reference: 1310114-2026-08-24 140009      Number of charged transfers: 1 --------------------------------------------------  Total  debited against account BE00 0000 0000 0001:          + 0,00 EUR  To be sent, if necessary, with your tax return.;
BE00000000000001;EXAMPLE BV;;236;26/08/2026;25/08/2026;-49,30;EUR;Payment Debit Mastercard 25/08/26 - 12.14 pm - Bellewaerde Park 8902 - Ypres - BEL Card number 1111 22XX XXXX 3333 Reference ING: COP000386820207;;
BE00000000000001;EXAMPLE BV;;237;26/08/2026;26/08/2026;-22,80;EUR;Payment Bancontact 26/08/26 - 7.16 am - NMBS SNCB WEB/APP BRUS 1060 - BRUSSEL - BEL Card number 1111 22XX XXXX 3333;;
BE00000000000001;EXAMPLE BV;;238;27/08/2026;26/08/2026;-38,63;EUR;Payment Debit Mastercard 26/08/26 - 7.02 pm - SUPABASE 049513 - SINGAPORE - SGP 45,00 USD at 1,164897 Card number 1111 22XX XXXX 3333 Reference ING: COP000387445223;;
BE00000000000001;EXAMPLE BV;;239;28/08/2026;27/08/2026;-2,11;EUR;Breakdown of charges No. 339581408 Proof attached;This document is provided for information. The only legally valid invoice/credit note is the one sent electronically by ING Belgium in accordance with the law of 06.02.2024 amending the VAT Code and the Income Tax Code 1992 as regards the introduction of electronic invoicing obligation.             INVOICE No. 2026/01/006046145 on 27/08/2026 ING Belgium SA/NV - Avenue Marnix 24, B-1000 Brussels VAT BE 0403.200.393 - BIC (SWIFT): BBRUBEBB - IBAN: BE99 5338 7535 1995  EXAMPLE BV TESTSTRAAT 1, B-1000 BRUSSEL VAT BE 0000.000.000              Breakdown of charges No. 339581408 on 27/08/2026       ING Corporate Plus Account BE00 0000 0000 0001 EUR   ING debit card 1111-22XX-XXXX-3333   Payment debit card - COP00387445223 - 26-08-2026 19:02:30   SUPABASE                          SG    Processing fee                                      - 0,5000 EUR (1)      Transaction amount: 45,00 USD        38,6300 EUR x 1,164897    Exchange margin                                     - 1,2400 EUR (1) -------------------------------------------------- VAT 21 % on:              - 1,7400 (1)                 - 0,37 EUR  Total  debited against account BE00 0000 0000 0001:          - 2,11 EUR;
BE00000000000001;EXAMPLE BV;BE99739118802273;240;31/08/2026;31/08/2026;-76,29;EUR;Direct debit in euro (SEPA) Radius Business Solutions (Belgium) NV Advice here with;                       Direct debit in euro (SEPA)  Today, we debit your account for: Radius Business Solutions (Belgium) NV Identication:     BE80 ZZZ 0865944140 Account: BE99739118802273 BIC: BBRUBEBB Mandate: RF131544 Scheme: SEPA SDD Core Type: Recurrent collection Reference: SDCOR2608301BE237089 Remittance: BE261702043834;
BE00000000000001;EXAMPLE BV;;241;01/09/2026;31/08/2026;-2,25;EUR;Breakdown of charges No. 340121352 Proof attached;            Breakdown of charges No. 340121352 on 31/08/2026             ING MasterCard Business 4444-55XX-XXXX-6666   Period from 01/08/2026 to 31/08/2026   Monthly fee ING credit card                          - 2,2500 EUR (0) -------------------------------------------------- Not liable to VAT:        - 2,2500 (0)  Total  debited against account BE00 0000 0000 0001:          - 2,25 EUR  Fiscal information Can be added to your tax declaration. More information on ing.be;
BE00000000000001;EXAMPLE BV;;242;01/09/2026;31/08/2026;-18,00;EUR;Breakdown of charges No. 342102180 Proof attached;This document is provided for information. The only legally valid invoice/credit note is the one sent electronically by ING Belgium in accordance with the law of 06.02.2024 amending the VAT Code and the Income Tax Code 1992 as regards the introduction of electronic invoicing obligation.             INVOICE No. 2026/01/006244558 on 31/08/2026 ING Belgium SA/NV - Avenue Marnix 24, B-1000 Brussels VAT BE 0403.200.393 - BIC (SWIFT): BBRUBEBB - IBAN: BE99 5338 7535 1995  EXAMPLE BV TESTSTRAAT 1, B-1000 BRUSSEL VAT BE 0000.000.000              Breakdown of charges No. 342102180 on 31/08/2026       ING Corporate Plus Account BE00 0000 0000 0001 EUR   Current account BE00 0000 0000 0001 EUR  Period from 01/08/2026 to 31/08/2026   Maintaining the account                              - 6,5000 EUR (7)   Services included in the package:    Unlimited number of account holders    Designation of two account management     agents    Cash withdrawals in euro by ING debit card     at ING Belgium cash dispenser    Account statements via Business'Bank    Providing of 1 ING debit card with access to     any ATM and to Bancontact and Mastercard     networks    Access to ING networks and digital channels, to     ING Client Services and to some non-ING     branded networks    An unlimited number of electronic transactions     in euro (SEPA)    Up to 12 manual debit transactions per year         - 6,0000 EUR (1)  ING debit card 1111-22XX-XXXX-3333  Period from 01/08/2026 to 31/08/2026   Monthly fee   ING debit card                                       + 0,0000 EUR (1)  Business'Bank 00000001 11  Period from 01/08/2026 to 31/08/2026   ING Accounting Connector                             - 3,5000 EUR (1) -------------------------------------------------- VAT 21 % on:              - 9,5000 (1)                 - 2,00 EUR Not liable to VAT:        - 6,5000  (7) Exempted of VAT: art.44 par.3 7°, BE VAT C.  Total  debited against account BE00 0000 0000 0001:         - 18,00 EUR;
BE00000000000001;EXAMPLE BV;BE99659235886451;243;01/09/2026;01/09/2026;-70,06;EUR;Direct debit in euro (SEPA) Xerius OVV Advice here with;                       Direct debit in euro (SEPA)  Today, we debit your account for: Xerius OVV Identication:     BE50 ZZZ 725D000554 Account: BE99659235886451 BIC: KREDBEBB Mandate: UL0000000001 Scheme: SEPA SDD Core Type: Recurrent collection Reference: 5D210000AC Remittance: Premie d.d. 01.09.2026 Xerius Relax              - Gewaarborgd Inkomen - constante             rente ( 0000001-00 );
BE00000000000001;EXAMPLE BV;BE99739118802273;244;07/09/2026;07/09/2026;-47,09;EUR;Direct debit in euro (SEPA) Radius Business Solutions (Belgium) NV Advice here with;                       Direct debit in euro (SEPA)  Today, we debit your account for: Radius Business Solutions (Belgium) NV Identication:     BE80 ZZZ 0865944140 Account: BE99739118802273 BIC: BBRUBEBB Mandate: RF131544 Scheme: SEPA SDD Core Type: Recurrent collection Reference: SDCOR2609301BE014526 Remittance: BE261702107239;
BE00000000000001;EXAMPLE BV;;245;07/09/2026;07/09/2026;0,00;EUR;Direct debit in euro (SEPA) Mobile Vikings Advice here with;We have received a first payment request for a new direct debit mandate. If you do not agree with this, refuse the payment request immediately. You can reclaim the amount up to 8 weeks after the request for payment. This can be done quickly and easily through our electronic channels.  My account number : BE00 000 0000000 01 Due date : 08/09/2026 Requested amount : 29,00 EUR Date when the mandate was signed : 11/02/2024 Mandate Ref. : B569FABBAF5E434294FED34390DCD1E2 Creditor : Mobile Vikings Creditor ID. : BE02ZZZ0886946917 Type of payment : Recurrent collection;
BE00000000000001;EXAMPLE BV;BE99113002381010;246;08/09/2026;08/09/2026;-29,00;EUR;Direct debit in euro (SEPA) Mobile Vikings Advice here with;                       Direct debit in euro (SEPA)  Today, we debit your account for: Mobile Vikings Identication:     BE02 ZZZ 0886946917 Account: BE99113002381010 BIC: KREDBEBB Mandate: b569fabbaf5e434294fed34390dcd1e2 Scheme: SEPA SDD Core Type: Recurrent collection Reference: 525897693001H-HDBIT Remittance: ***525/8976/93001***;
BE00000000000001;EXAMPLE BV;BE99929655266590;247;10/09/2026;10/09/2026;-230,00;EUR;Instant credit transfer in euro: ING app To: Jane Peeters + John Peeters - BE99929655266590 Instantly on 10/09 - 19:10:03 Communication: Office Rent September Personal info: d42387c4b8a74c21bdb5ad32904a84fb;;
BE00000000000001;EXAMPLE BV;;248;11/09/2026;10/09/2026;-626,20;EUR;Reimbursement Car loan monthly instalment of 10 September 2026 Contract No 00-000002-00, final due date 10/08/2031;;
BE00000000000001;EXAMPLE BV;BE99133125359154;249;11/09/2026;11/09/2026;-3778,00;EUR;Instant credit transfer in euro: Business'Bank On-line To: Wall Connect BV - BE99133125359154 Instantly on 11/09 - 10:26:04 Message: ***026/1584/46607*** Personal info: d86090116894469b9fd9e9fe6b77b9a8;;
BE00000000000001;EXAMPLE BV;;250;12/09/2026;11/09/2026;0,00;EUR;Breakdown of charges No. 343042579 Proof attached;            Breakdown of charges No. 343042579 on 11/09/2026       ING Corporate Plus Account BE00 0000 0000 0001 EUR  Current account BE00 0000 0000 0001 EUR   Instant credit transfer in euro                      + 0,0000 EUR (1) --------------------------------------------------  Total  debited against account BE00 0000 0000 0001:          + 0,00 EUR  Fiscal information Can be added to your tax declaration. More information on ing.be;
BE00000000000001;EXAMPLE BV;BE99739118802273;251;14/09/2026;14/09/2026;-129,62;EUR;Direct debit in euro (SEPA) Radius Business Solutions (Belgium) NV Advice here with;                       Direct debit in euro (SEPA)  Today, we debit your account for: Radius Business Solutions (Belgium) NV Identication:     BE80 ZZZ 0865944140 Account: BE99739118802273 BIC: BBRUBEBB Mandate: RF131544 Scheme: SEPA SDD Core Type: Recurrent collection Reference: SDCOR2609301BE065859 Remittance: BE261702166537;
BE00000000000001;EXAMPLE BV;BE99204070195265;252;15/09/2026;15/09/2026;11404,25;EUR;Sending money in euro (SEPA) From: WHALE BV - BE99204070195265 Message: ***506/0000/32477***;Sending money in euro (SEPA) From: WHALE BV       Bredestraat 22       RONSE 9600               Belgium IBAN: BE99204070195265 Message: ***506/0000/32477***;
BE00000000000001;EXAMPLE BV;;253;16/09/2026;16/09/2026;-236,02;EUR;Payment ING : MASTERCARD  250 00000001-01/000 R.000000000001;;
BE00000000000001;EXAMPLE BV;;254;17/09/2026;16/09/2026;-8,70;EUR;Payment Debit Mastercard 16/09/26 - 11.52 pm - Indigo Neo 9051 - Gent - BEL Card number 1111 22XX XXXX 3333 Reference ING: COP000401260437;;
BE00000000000001;EXAMPLE BV;;255;18/09/2026;17/09/2026;-15,00;EUR;Payment Debit Mastercard 17/09/26 - 10.13 am - WISPR 94107 - SAN FRANCISCO - USA Card number 1111 22XX XXXX 3333 Reference ING: COP000401798627;;
BE00000000000001;EXAMPLE BV;;256;18/09/2026;18/09/2026;-117,75;EUR;Payment Bancontact 18/09/26 - 3.52 pm - TELENET 2800 - MECHELEN - BEL Card number 1111 22XX XXXX 3333;;
BE00000000000001;EXAMPLE BV;;257;19/09/2026;18/09/2026;-85,00;EUR;Payment Bancontact 18/09/26 - 7.52 pm - Coolblue 2600 - BERCHEM - NLD Card number 1111 22XX XXXX 3333;;
BE00000000000001;EXAMPLE BV;;258;19/09/2026;18/09/2026;-0,61;EUR;Breakdown of charges No. 343288301 Proof attached;This document is provided for information. The only legally valid invoice/credit note is the one sent electronically by ING Belgium in accordance with the law of 06.02.2024 amending the VAT Code and the Income Tax Code 1992 as regards the introduction of electronic invoicing obligation.             INVOICE No. 2026/01/006360856 on 18/09/2026 ING Belgium SA/NV - Avenue Marnix 24, B-1000 Brussels VAT BE 0403.200.393 - BIC (SWIFT): BBRUBEBB - IBAN: BE99 5338 7535 1995  EXAMPLE BV TESTSTRAAT 1, B-1000 BRUSSEL VAT BE 0000.000.000              Breakdown of charges No. 343288301 on 18/09/2026       ING Corporate Plus Account BE00 0000 0000 0001 EUR   ING debit card 1111-22XX-XXXX-3333   Payment debit card - COP00401798627 - 17-09-2026 10:13:54   WISPR                             US    Processing fee                                      - 0,5000 EUR (1)      Transaction amount: 15,00 EUR -------------------------------------------------- VAT 21 % on:              - 0,5000 (1)                 - 0,11 EUR  Total  debited against account BE00 0000 0000 0001:          - 0,61 EUR;
BE00000000000001;EXAMPLE BV;BE99739118802273;259;21/09/2026;21/09/2026;-7,26;EUR;Direct debit in euro (SEPA) Radius Business Solutions (Belgium) NV Advice here with;                       Direct debit in euro (SEPA)  Today, we debit your account for: Radius Business Solutions (Belgium) NV Identication:     BE80 ZZZ 0865944140 Account: BE99739118802273 BIC: BBRUBEBB Mandate: RF131544 Scheme: SEPA SDD Core Type: Recurrent collection Reference: SDCOR2609301BE129258 Remittance: BE261702242430;
BE00000000000001;EXAMPLE BV;;260;22/09/2026;21/09/2026;-15,00;EUR;Payment Debit Mastercard 21/09/26 - 5.55 pm - INDIGO P ZUIDERPOORT 9000 - GENT - BEL Card number 1111 22XX XXXX 3333 Reference ING: COP000404692620;;
BE00000000000001;EXAMPLE BV;;261;23/09/2026;22/09/2026;-21,78;EUR;Payment Debit Mastercard 22/09/26 - 7.26 am - 21ST.DEV 19904 - DOVER - USA Card number 1111 22XX XXXX 3333 Reference ING: COP000404875584;;
BE00000000000001;EXAMPLE BV;;262;24/09/2026;23/09/2026;-0,61;EUR;Breakdown of charges No. 343447640 Proof attached;This document is provided for information. The only legally valid invoice/credit note is the one sent electronically by ING Belgium in accordance with the law of 06.02.2024 amending the VAT Code and the Income Tax Code 1992 as regards the introduction of electronic invoicing obligation.             INVOICE No. 2026/01/006369306 on 23/09/2026 ING Belgium SA/NV - Avenue Marnix 24, B-1000 Brussels VAT BE 0403.200.393 - BIC (SWIFT): BBRUBEBB - IBAN: BE99 5338 7535 1995  EXAMPLE BV TESTSTRAAT 1, B-1000 BRUSSEL VAT BE 0000.000.000              Breakdown of charges No. 343447640 on 23/09/2026       ING Corporate Plus Account BE00 0000 0000 0001 EUR   ING debit card 1111-22XX-XXXX-3333   Payment debit card - COP00404875584 - 22-09-2026 07:26:58   21ST.DEV                          US    Processing fee                                      - 0,5000 EUR (1)      Transaction amount: 21,78 EUR -------------------------------------------------- VAT 21 % on:              - 0,5000 (1)                 - 0,11 EUR  Total  debited against account BE00 0000 0000 0001:          - 0,61 EUR;
BE00000000000001;EXAMPLE BV;;263;24/09/2026;23/09/2026;-6,40;EUR;Payment Debit Mastercard 23/09/26 - 12.52 pm - Indigo Neo 9051 - Gent - BEL Card number 1111 22XX XXXX 3333 Reference ING: COP000405425198;;
BE00000000000001;EXAMPLE BV;;264;24/09/2026;23/09/2026;-95,90;EUR;Payment Debit Mastercard 23/09/26 - 7.21 pm - SPOORLOOS PERRON 9000 - GENT - BEL Card number 1111 22XX XXXX 3333 Reference ING: COP000405628299;;
BE00000000000001;EXAMPLE BV;;265;24/09/2026;23/09/2026;-15,00;EUR;Payment Debit Mastercard 23/09/26 - 6.20 pm - INDIGO P ZUIDERPOORT 9000 - GENT - BEL Card number 1111 22XX XXXX 3333 Reference ING: COP000405875028;;
BE00000000000001;EXAMPLE BV;;266;25/09/2026;25/09/2026;-2500,00;EUR;Sending money in euro (SEPA): file Client reference: 1332929/2026-09-24 140008 Bank reference: 3992461301051 Category Purpose: Salary payment;;
BE00000000000001;EXAMPLE BV;BE99390697671885;267;25/09/2026;25/09/2026;-1299,27;EUR;Sending money in euro (SEPA) To: SD Worx Sociaal Secretariaat VZW - BE99390697671885 Communication: 1BT2982 92903093 FACTUUR SD VZW Personal info: 1BT2982 92903093 3002609250 S0;Sending money in euro (SEPA) In favour of: SD Worx Sociaal Secretariaat VZW Antwerpen 2000  Belgium IBAN: BE99390697671885 Message:  1BT2982 92903093 FACTUUR SD VZW Personal info: 1BT2982 92903093 3002609250 S0;
BE00000000000001;EXAMPLE BV;;268;26/09/2026;25/09/2026;0,00;EUR;Breakdown of charges No. 343527032 Proof attached;            Breakdown of charges No. 343527032 on 25/09/2026       ING Corporate Plus Account BE00 0000 0000 0001 EUR  Current account BE00 0000 0000 0001 EUR   Sending money in euro (SEPA)    Salary payment batch (SALA)                         + 0,0000 EUR (1)      Reference: 1332929-2026-09-24 140008      Number of charged transfers: 1 --------------------------------------------------  Total  debited against account BE00 0000 0000 0001:          + 0,00 EUR  Fiscal information Can be added to your tax declaration. More information on ing.be;
BE00000000000001;EXAMPLE BV;;269;26/09/2026;25/09/2026;-5,80;EUR;Payment Debit Mastercard 25/09/26 - 7.51 pm - Indigo Neo 9051 - Gent - BEL Card number 1111 22XX XXXX 3333 Reference ING: COP000406623681;;
BE00000000000001;EXAMPLE BV;;270;26/09/2026;26/09/2026;-39,62;EUR;Payment Debit Mastercard 26/09/26 - 5.05 pm - SUPABASE 049513 - SINGAPORE - SGP 45,00 USD at 1,13579 Card number 1111 22XX XXXX 3333 Reference ING: COP000407048300;;
BE00000000000001;EXAMPLE BV;;271;28/09/2026;27/09/2026;-2,14;EUR;Breakdown of charges No. 343589588 Proof attached;This document is provided for information. The only legally valid invoice/credit note is the one sent electronically by ING Belgium in accordance with the law of 06.02.2024 amending the VAT Code and the Income Tax Code 1992 as regards the introduction of electronic invoicing obligation.             INVOICE No. 2026/01/006376376 on 27/09/2026 ING Belgium SA/NV - Avenue Marnix 24, B-1000 Brussels VAT BE 0403.200.393 - BIC (SWIFT): BBRUBEBB - IBAN: BE99 5338 7535 1995  EXAMPLE BV TESTSTRAAT 1, B-1000 BRUSSEL VAT BE 0000.000.000              Breakdown of charges No. 343589588 on 27/09/2026       ING Corporate Plus Account BE00 0000 0000 0001 EUR   ING debit card 1111-22XX-XXXX-3333   Payment debit card - COP00407048300 - 26-09-2026 17:05:25   SUPABASE                          SG    Processing fee                                      - 0,5000 EUR (1)      Transaction amount: 45,00 USD        39,6200 EUR x 1,13579    Exchange margin                                     - 1,2700 EUR (1) -------------------------------------------------- VAT 21 % on:              - 1,7700 (1)                 - 0,37 EUR  Total  debited against account BE00 0000 0000 0001:          - 2,14 EUR;
BE00000000000001;EXAMPLE BV;BE99739118802273;272;28/09/2026;28/09/2026;-75,92;EUR;Direct debit in euro (SEPA) Radius Business Solutions (Belgium) NV Advice here with;                       Direct debit in euro (SEPA)  Today, we debit your account for: Radius Business Solutions (Belgium) NV Identication:     BE80 ZZZ 0865944140 Account: BE99739118802273 BIC: BBRUBEBB Mandate: RF131544 Scheme: SEPA SDD Core Type: Recurrent collection Reference: SDCOR2609301BE192067 Remittance: BE261702296455;
BE00000000000001;EXAMPLE BV;;273;29/09/2026;28/09/2026;-168,66;EUR;Payment Bancontact 28/09/26 - 9.37 pm - Vlabel 9300 - Aalst - BEL 265335233576 Card number 1111 22XX XXXX 3333;;
